Workbook

Sheet Project Plan
B8: NOTE: All tasks and resources are approximations and will depend on the specifics of your project.
B10: REF | C10: TASK | D10: MAIN ISO22301 REF | E10: RESOURCE | F10: START DATE | G10: WORK DAYS | H10: END DATE | I10: COMPLETED DAYS | J10: PROGRESS
B11: 1 | C11: Project initiation | D11: All | E11: Project Mgr | F11: 43984 | G11: 5 | H11: =IFERROR(WORKDAY.INTL(ProjectPlanData[[#This Row],[START DATE]]-1,ProjectPlanData[[#This Row],[WORK DAYS]],1),"") -> 43990 | I11: 1 | J11: =IFERROR(ProjectPlanData[[#This Row],[COMPLETED DAYS]]/ProjectPlanData[[#This Row],[WORK DAYS]],"") -> 0.2
B12: 2 | C12: Define proposed scope of BCMS | D12: 4.3 Determining the scope of the business continuity management system | E12: Top Mgt,BC Manager | F12: 43985 | G12: 3 | H12: =IFERROR(WORKDAY.INTL(ProjectPlanData[[#This Row],[START DATE]]-1,ProjectPlanData[[#This Row],[WORK DAYS]],1),"") -> 43987 | I12: 1 | J12: =IFERROR(ProjectPlanData[[#This Row],[COMPLETED DAYS]]/ProjectPlanData[[#This Row],[WORK DAYS]],"") -> 0.33333333
B13: 3 | C13: Perform gap assessment | D13: All | E13: BC Manager,Business Reps | F13: 43986 | G13: 1 | H13: =IFERROR(WORKDAY.INTL(ProjectPlanData[[#This Row],[START DATE]]-1,ProjectPlanData[[#This Row],[WORK DAYS]],1),"") -> 43986 | I13: 1 | J13: =IFERROR(ProjectPlanData[[#This Row],[COMPLETED DAYS]]/ProjectPlanData[[#This Row],[WORK DAYS]],"") -> 1
B14: 4 | C14: Obtain Top Management commitment | D14: 5.1 Leadership and commitment | E14: BC Manager,Project Mgr,Top Mgt | F14: 43987 | G14: 10 | H14: =IFERROR(WORKDAY.INTL(ProjectPlanData[[#This Row],[START DATE]]-1,ProjectPlanData[[#This Row],[WORK DAYS]],1),"") -> 44000 | I14: 1 | J14: =IFERROR(ProjectPlanData[[#This Row],[COMPLETED DAYS]]/ProjectPlanData[[#This Row],[WORK DAYS]],"") -> 0.1
B15: 5 | C15: Establish BCMS document control | D15: 7.5 Documented information | E15: BC Manager,Project Mgr | F15: 43988 | G15: 6 | H15: =IFERROR(WORKDAY.INTL(ProjectPlanData[[#This Row],[START DATE]]-1,ProjectPlanData[[#This Row],[WORK DAYS]],1),"") -> 43997 | I15: 5 | J15: =IFERROR(ProjectPlanData[[#This Row],[COMPLETED DAYS]]/ProjectPlanData[[#This Row],[WORK DAYS]],"") -> 0.83333333
B16: 6 | C16: Define business continuity policy | D16: 5.2 Policy | E16: BC Manager,Top Mgt | F16: 43989 | G16: 8 | H16: =IFERROR(WORKDAY.INTL(ProjectPlanData[[#This Row],[START DATE]]-1,ProjectPlanData[[#This Row],[WORK DAYS]],1),"") -> 43999 | I16: 2 | J16: =IFERROR(ProjectPlanData[[#This Row],[COMPLETED DAYS]]/ProjectPlanData[[#This Row],[WORK DAYS]],"") -> 0.25
B17: 7 | C17: Document context of the organization | D17: 4. Context of the organization | E17: BC Manager,Top Mgt | F17: 43990 | G17: 5 | H17: =IFERROR(WORKDAY.INTL(ProjectPlanData[[#This Row],[START DATE]]-1,ProjectPlanData[[#This Row],[WORK DAYS]],1),"") -> 43994 | I17: 2 | J17: =IFERROR(ProjectPlanData[[#This Row],[COMPLETED DAYS]]/ProjectPlanData[[#This Row],[WORK DAYS]],"") -> 0.4
B18: 8 | C18: Agree business continuity objectives | D18: 6.2 Business continuity objectives and planning to achieve them | E18: BC Manager,Top Mgt | F18: 43991 | G18: 10 | H18: =IFERROR(WORKDAY.INTL(ProjectPlanData[[#This Row],[START DATE]]-1,ProjectPlanData[[#This Row],[WORK DAYS]],1),"") -> 44004 | I18: 2 | J18: =IFERROR(ProjectPlanData[[#This Row],[COMPLETED DAYS]]/ProjectPlanData[[#This Row],[WORK DAYS]],"") -> 0.2
B19: 9 | C19: Define roles, responsibilities and authorities | D19: 5.3 Roles, responsibilities and authorities | E19: BC Manager,Top Mgt | F19: 43992 | G19: 6 | H19: =IFERROR(WORKDAY.INTL(ProjectPlanData[[#This Row],[START DATE]]-1,ProjectPlanData[[#This Row],[WORK DAYS]],1),"") -> 43999 | I19: 2 | J19: =IFERROR(ProjectPlanData[[#This Row],[COMPLETED DAYS]]/ProjectPlanData[[#This Row],[WORK DAYS]],"") -> 0.33333333
B20: 10 | C20: Competence and training needs assessment | D20: 7.2 Competence | E20: BC Manager,Business Reps | F20: 43993 | G20: 12 | H20: =IFERROR(WORKDAY.INTL(ProjectPlanData[[#This Row],[START DATE]]-1,ProjectPlanData[[#This Row],[WORK DAYS]],1),"") -> 44008 | I20: 2 | J20: =IFERROR(ProjectPlanData[[#This Row],[COMPLETED DAYS]]/ProjectPlanData[[#This Row],[WORK DAYS]],"") -> 0.16666667
B21: 11 | C21: Conduct business impact analysis | D21: 8.2 Business impact analysis and risk assessment | E21: BC Manager,Business Reps,CIO | F21: 43994 | G21: 1 | H21: =IFERROR(WORKDAY.INTL(ProjectPlanData[[#This Row],[START DATE]]-1,ProjectPlanData[[#This Row],[WORK DAYS]],1),"") -> 43994 | I21: 1 | J21: =IFERROR(ProjectPlanData[[#This Row],[COMPLETED DAYS]]/ProjectPlanData[[#This Row],[WORK DAYS]],"") -> 1
B22: 12 | C22: Perform risk assessment | D22: 8.2 Business impact analysis and risk assessment | E22: BC Manager,Top Mgt,CIO | F22: 43995 | G22: 2 | H22: =IFERROR(WORKDAY.INTL(ProjectPlanData[[#This Row],[START DATE]]-1,ProjectPlanData[[#This Row],[WORK DAYS]],1),"") -> 43998 | I22: 2 | J22: =IFERROR(ProjectPlanData[[#This Row],[COMPLETED DAYS]]/ProjectPlanData[[#This Row],[WORK DAYS]],"") -> 1
... B34: 24 | C34: Post Project Review | D34: All | E34: Project Mgr,BC Manager,Top Mgt | F34: 44007 | G34: 2 | H34: =IFERROR(WORKDAY.INTL(ProjectPlanData[[#This Row],[START DATE]]-1,ProjectPlanData[[#This Row],[WORK DAYS]],1),"") -> 44008 | I34: 0 | J34: =IFERROR(ProjectPlanData[[#This Row],[COMPLETED DAYS]]/ProjectPlanData[[#This Row],[WORK DAYS]],"") -> 0

Sheet Project Budget
B8: NOTE: Budget items will depend on the specifics of your project.
B10: ITEM | C10: BUDGET | D10: SPENT TO DATE | E10: BUDGET REMAINING
B11: Internal resources | C11: 5000 | D11: 1500 | E11: =+ProjectBudget[[#This Row],[BUDGET]]-ProjectBudget[[#This Row],[SPENT TO DATE]] -> 3500
B12: Training | C12: 1500 | D12: 500 | E12: =+ProjectBudget[[#This Row],[BUDGET]]-ProjectBudget[[#This Row],[SPENT TO DATE]] -> 1000
B13: Travel and subsistence | C13: 1500 | D13: 600 | E13: =+ProjectBudget[[#This Row],[BUDGET]]-ProjectBudget[[#This Row],[SPENT TO DATE]] -> 900
B14: External Consultancy | C14: 2000 | D14: 1000 | E14: =+ProjectBudget[[#This Row],[BUDGET]]-ProjectBudget[[#This Row],[SPENT TO DATE]] -> 1000
B15: Communication | C15: 1200 | D15: 600 | E15: =+ProjectBudget[[#This Row],[BUDGET]]-ProjectBudget[[#This Row],[SPENT TO DATE]] -> 600
B16: Professional memberships | C16: 500 | D16: 0 | E16: =+ProjectBudget[[#This Row],[BUDGET]]-ProjectBudget[[#This Row],[SPENT TO DATE]] -> 500
B17: Software tools | C17: 2500 | D17: 1200 | E17: =+ProjectBudget[[#This Row],[BUDGET]]-ProjectBudget[[#This Row],[SPENT TO DATE]] -> 1300
B18: Hardware | C18: 3000 | D18: 2000 | E18: =+ProjectBudget[[#This Row],[BUDGET]]-ProjectBudget[[#This Row],[SPENT TO DATE]] -> 1000
B19: Offices and furniture | C19: 1000 | D19: 1000 | E19: =+ProjectBudget[[#This Row],[BUDGET]]-ProjectBudget[[#This Row],[SPENT TO DATE]] -> 0
B20: Internal auditing | C20: 500 | D20: 250 | E20: =+ProjectBudget[[#This Row],[BUDGET]]-ProjectBudget[[#This Row],[SPENT TO DATE]] -> 250
B21: Certification auditing | C21: 500 | D21: 0 | E21: =+ProjectBudget[[#This Row],[BUDGET]]-ProjectBudget[[#This Row],[SPENT TO DATE]] -> 500
B22: Total | C22: =SUBTOTAL(109,ProjectBudget[BUDGET]) -> 19200 | D22: =SUBTOTAL(109,ProjectBudget[SPENT TO DATE]) -> 8650 | E22: =SUBTOTAL(109,ProjectBudget[BUDGET REMAINING]) -> 10550

Sheet Project Gantt Chart
B8: Project Timeline
B9: =TEXT(MIN(E15:E49),"d-mmmm-yyyy")&" to "&TEXT(MAX(G15:G49),"d-mmmm-yyyy") -> 2-June-2020 to 2-July-2020 | J9: To refresh chart data, click on “Refresh All” on the Data ribbon.
B11: Date display slider | J11: Not started | N11: In progress | R11: Completed | V11: Weekends (Sat - Sun)
B14: REF | C14: TASK | D14: RESOURCE | E14: START DATE | F14: WORK DAYS | G14: END DATE | H14: COMPLETED DAYS | I14: PROGRESS | J14: =MIN(E15:E38)+'Scroll Bar'!B7 -> 43984 | K14: =J14+1 -> 43985 | L14: =K14+1 -> 43986 | M14: =L14+1 -> 43987 | N14: =M14+1 -> 43988 | O14: =N14+1 -> 43989 | P14: =O14+1 -> 43990 | Q14: =P14+1 -> 43991 | R14: =Q14+1 -> 43992 | ... AI14: =AH14+1 -> 44009
B15: 1 | C15: Project initiation | D15: Project Mgr | E15: 43984 | F15: 5 | G15: 43990 | H15: 1 | I15: 0.2
B16: 2 | C16: Define proposed scope of BCMS | D16: Top Mgt,BC Manager | E16: 43985 | F16: 3 | G16: 43987 | H16: 1 | I16: 0.33333333
B17: 3 | C17: Perform gap assessment | D17: BC Manager,Business Reps | E17: 43986 | F17: 1 | G17: 43986 | H17: 1 | I17: 1
B18: 4 | C18: Obtain Top Management commitment | D18: BC Manager,Project Mgr,Top Mgt | E18: 43987 | F18: 10 | G18: 44000 | H18: 1 | I18: 0.1
B19: 5 | C19: Establish BCMS document control | D19: BC Manager,Project Mgr | E19: 43988 | F19: 6 | G19: 43997 | H19: 5 | I19: 0.83333333
B20: 6 | C20: Define business continuity policy | D20: BC Manager,Top Mgt | E20: 43989 | F20: 8 | G20: 43999 | H20: 2 | I20: 0.25
B21: 7 | C21: Document context of the organization | D21: BC Manager,Top Mgt | E21: 43990 | F21: 5 | G21: 43994 | H21: 2 | I21: 0.4
B22: 8 | C22: Agree business continuity objectives | D22: BC Manager,Top Mgt | E22: 43991 | F22: 10 | G22: 44004 | H22: 2 | I22: 0.2
B23: 9 | C23: Define roles, responsibilities and authorities | D23: BC Manager,Top Mgt | E23: 43992 | F23: 6 | G23: 43999 | H23: 2 | I23: 0.33333333
B24: 10 | C24: Competence and training needs assessment | D24: BC Manager,Business Reps | E24: 43993 | F24: 12 | G24: 44008 | H24: 2 | I24: 0.16666667
B25: 11 | C25: Conduct business impact analysis | D25: BC Manager,Business Reps,CIO | E25: 43994 | F25: 1 | G25: 43994 | H25: 1 | I25: 1
B26: 12 | C26: Perform risk assessment | D26: BC Manager,Top Mgt,CIO | E26: 43995 | F26: 2 | G26: 43998 | H26: 2 | I26: 1
... B38: 24 | C38: Post Project Review | D38: Project Mgr,BC Manager,Top Mgt | E38: 44007 | F38: 2 | G38: 44008 | H38: 0 | I38: 0
B39: Grand Total

Sheet Project Dashboard
B8: Project Dashboard
B9: To refresh chart data, click on “Refresh All” on the Data ribbon.
B11: Project timeline: | D11: =TEXT(MIN('Project Gantt Chart'!E15:E49),"d-mmmm-yyyy")&" to "&TEXT(MAX('Project Gantt Chart'!G15:G49),"d-mmmm-yyyy") -> 2-June-2020 to 2-July-2020
B14: Project tasks and progress
B36: Project budget overview

Sheet Tasks & Progress Pivots
B4: Project tasks and progress
B6: Count of REF | E6: Task Status | F6: Task Progress | I6: Project Days | L6: Project Days | M6: %
B7: 24 | E7: Not Started | F7: =COUNTIF('Project Gantt Chart'!I15:I214,"="&0) -> 6 | I7: Completed Work Days | J7: 37 | L7: Days Completed | M7: =GETPIVOTDATA("Completed Work Days",$I$6)/GETPIVOTDATA("Total Work Days",$I$6) -> 0.33035714
E8: In Progress | F8: =COUNTIFS('Project Gantt Chart'!I15:I214,"<>"&0,'Project Gantt Chart'!I15:I214,"<"&1) -> 14 | I8: Total Work Days | J8: 112 | L8: Days Remaining | M8: =1-M7 -> 0.66964286
E9: Completed | F9: =COUNTIF('Project Plan'!J11:J34,"="&1) -> 4
E10: Remaining | F10: =F7+F8 -> 20
E11: Total Tasks | F11: =SUM(F9:F10) -> 24
E13: Task Status | F13: Sum of Task Progress
E14: Total Tasks | F14: 24
E15: Completed | F15: 4
E16: Remaining | F16: 20
E17: Not Started | F17: 6
E18: In Progress | F18: 14

Sheet Budget Pivots
B4: Project budget overview
B6: ITEM | C6: Budget | D6: Spent to date | E6: Budget remaining | L6: Values
B7: Certification auditing | C7: 500 | D7: 0 | E7: 500 | L7: Spent to date | M7: 8650
B8: Communication | C8: 1200 | D8: 600 | E8: 600 | L8: Budget remaining | M8: 10550
B9: External Consultancy | C9: 2000 | D9: 1000 | E9: 1000 | L9: Budget | M9: 19200
B10: Hardware | C10: 3000 | D10: 2000 | E10: 1000
B11: Internal auditing | C11: 500 | D11: 250 | E11: 250
B12: Internal resources | C12: 5000 | D12: 1500 | E12: 3500
B13: Offices and furniture | C13: 1000 | D13: 1000 | E13: 0
B14: Professional memberships | C14: 500 | D14: 0 | E14: 500
B15: Software tools | C15: 2500 | D15: 1200 | E15: 1300
B16: Training | C16: 1500 | D16: 500 | E16: 1000
B17: Travel and subsistence | C17: 1500 | D17: 600 | E17: 900
B18: Grand Total | C18: 19200 | D18: 8650 | E18: 10550

Sheet Scroll Bar
B4: Scroll Bar
B6: Scroll Bar
B7: 0
